{"cameraMode":{"drawMode":0,"name":"Shaded","section":"Shading Mode"},"sceneLighting":false,"audioPlay":false,"sceneViewState":{"m_AlwaysRefresh":false,"showFog":true,"showSkybox":false,"showFlares":true,"showImageEffects":true,"showParticleSystems":true,"showVisualEffectGraphs":true,"m_FxEnabled":true},"in2DMode":false,"pivot":{"x":0.09299904853105545,"y":1.7331196069717408,"z":-3.6173670291900636},"rotation":{"x":0.11166848242282868,"y":-0.4512733519077301,"z":0.05702187493443489,"w":0.8835878968238831},"size":1.0428720712661744,"orthographic":true}